Workbook

Sheet iris_dataset
A1: Sepal_Length_cm | B1: Sepal_Width_cm | C1: Petal_Length_cm | D1: Petal_Width_cm | E1: Species
A2: 6.3 | B2: 3.3 | C2: 4.7 | D2: 1.6 | E2: versicolor
A3: 5.1 | B3: 3.5 | C3: 1.4 | D3: 0.2 | E3: setosa
A4: 4.5 | B4: 2.3 | C4: 1.3 | D4: 0.3 | E4: setosa
A5: 6.6 | B5: 2.9 | C5: 4.6 | D5: 1.3 | E5: versicolor
A6: 4.9 | B6: 3.1 | C6: 1.5 | D6: 0.2 | E6: setosa
A7: 6.9 | B7: 3.1 | C7: 4.9 | D7: 1.5 | E7: versicolor
A8: 5.1 | B8: 3.8 | C8: 1.5 | D8: 0.3 | E8: setosa
A9: 7.9 | B9: 3.8 | C9: 6.4 | D9: 2 | E9: virginica
A10: 4.4 | B10: 2.9 | C10: 1.4 | D10: 0.2 | E10: setosa
A11: 5.1 | B11: 3.3 | C11: 1.7 | D11: 0.5 | E11: setosa
A12: 6.1 | B12: 3 | C12: 4.6 | D12: 1.4 | E12: versicolor
A13: 5.9 | B13: 3 | C13: 4.2 | D13: 1.5 | E13: versicolor
... A81: 5.7 | B81: 3 | C81: 4.2 | D81: 1.2 | E81: versicolor

Sheet Statistics
A1: Statistic | B1: Sepal Length | C1: Sepal Width | D1: Petal Length | E1: Petal Width
A2: Mean | B2: =AVERAGE(iris_dataset!A2:A81) -> 5.88 | C2: =AVERAGE(iris_dataset!B2:B81) -> 3.07875 | D2: =AVERAGE(iris_dataset!C2:C81) -> 3.775 | E2: =AVERAGE(iris_dataset!D2:D81) -> 1.19625
A3: Median | B3: =MEDIAN(iris_dataset!A2:A81) -> 5.85 | C3: =MEDIAN(iris_dataset!B2:B81) -> 3 | D3: =MEDIAN(iris_dataset!C2:C81) -> 4.35 | E3: =MEDIAN(iris_dataset!D2:D81) -> 1.3
A4: Mode | B4: =_xlfn.MODE.SNGL(iris_dataset!A2:A81) -> 5 | C4: =_xlfn.MODE.SNGL(iris_dataset!B2:B81) -> 3 | D4: =_xlfn.MODE.SNGL(iris_dataset!C2:C81) -> 1.4 | E4: =_xlfn.MODE.SNGL(iris_dataset!D2:D81) -> 0.2
A5: Standard Deviation | B5: =_xlfn.STDEV.S(iris_dataset!A2:A81) -> 0.90838569 | C5: =_xlfn.STDEV.S(iris_dataset!B2:B81) -> 0.36860797 | D5: =_xlfn.STDEV.S(iris_dataset!C2:C81) -> 1.7924949 | E5: =_xlfn.STDEV.S(iris_dataset!D2:D81) -> 0.75648149
A6: Minimum | B6: =MIN(iris_dataset!A2:A81) -> 4.3 | C6: =MIN(iris_dataset!B2:B81) -> 2.3 | D6: =MIN(iris_dataset!C2:C81) -> 1.1 | E6: =MIN(iris_dataset!D2:D81) -> 0.1
A7: 25th Percentile | B7: =_xlfn.PERCENTILE.INC(iris_dataset!A2:A81,0.25) -> 5.075 | C7: =_xlfn.PERCENTILE.INC(iris_dataset!B2:B81,0.25) -> 2.9 | D7: =_xlfn.PERCENTILE.INC(iris_dataset!C2:C81,0.25) -> 1.5 | E7: =_xlfn.PERCENTILE.INC(iris_dataset!D2:D81,0.25) -> 0.3
A8: 50th Percentile | B8: =_xlfn.PERCENTILE.INC(iris_dataset!A2:A81,0.5) -> 5.85 | C8: =_xlfn.PERCENTILE.INC(iris_dataset!B2:B81,0.5) -> 3 | D8: =_xlfn.PERCENTILE.INC(iris_dataset!C2:C81,0.5) -> 4.35 | E8: =_xlfn.PERCENTILE.INC(iris_dataset!D2:D81,0.5) -> 1.3
A9: 75th Percentile | B9: =_xlfn.PERCENTILE.INC(iris_dataset!A2:A81,0.75) -> 6.625 | C9: =_xlfn.PERCENTILE.INC(iris_dataset!B2:B81,0.75) -> 3.3 | D9: =_xlfn.PERCENTILE.INC(iris_dataset!C2:C81,0.75) -> 5.1 | E9: =_xlfn.PERCENTILE.INC(iris_dataset!D2:D81,0.75) -> 1.8
A10: Maximum | B10: =MAX(iris_dataset!A2:A81) -> 7.9 | C10: =MAX(iris_dataset!B2:B81) -> 4.4 | D10: =MAX(iris_dataset!C2:C81) -> 6.9 | E10: =MAX(iris_dataset!D2:D81) -> 2.5
A11: IQR | B11: =B9-B7 -> 1.55 | C11: =C9-C7 -> 0.4 | D11: =D9-D7 -> 3.6 | E11: =E9-E7 -> 1.5
