Workbook

Sheet Sales_Data
A1: Order ID | B1: Order Date | C1: Product ID | D1: Category | E1: Product Name | F1: Quantity | G1: Sales
A2: ORD-001 | B2: 46266 | C2: P001 | D2: Technology | E2: Laptop | F2: 2 | G2: 1200
A3: ORD-002 | B3: 46266 | C3: P002 | D3: Technology | E3: Wireless Mouse | F3: 5 | G3: 125
A4: ORD-003 | B4: 46267 | C4: P003 | D4: Technology | E4: Keyboard | F4: 3 | G4: 90
A5: ORD-004 | B5: 46267 | C5: P004 | D5: Technology | E5: Monitor | F5: 2 | G5: 500
A6: ORD-005 | B6: 46268 | C6: P005 | D6: Office Supplies | E6: Notebook | F6: 10 | G6: 80
A7: ORD-006 | B7: 46268 | C7: P006 | D7: Office Supplies | E7: Ballpoint Pen | F7: 20 | G7: 40
A8: ORD-007 | B8: 46269 | C8: P007 | D8: Office Supplies | E8: Stapler | F8: 4 | G8: 60
A9: ORD-008 | B9: 46269 | C9: P008 | D9: Office Supplies | E9: Printer Paper | F9: 8 | G9: 64
A10: ORD-009 | B10: 46270 | C10: P009 | D10: Furniture | E10: Office Chair | F10: 2 | G10: 360
A11: ORD-010 | B11: 46270 | C11: P010 | D11: Furniture | E11: Office Desk | F11: 1 | G11: 450
A12: ORD-011 | B12: 46271 | C12: P011 | D12: Furniture | E12: Bookshelf | F12: 2 | G12: 240
A13: ORD-012 | B13: 46271 | C13: P012 | D13: Furniture | E13: Filing Cabinet | F13: 2 | G13: 300
... A51: ORD-050 | B51: 46290 | C51: P014 | D51: Technology | E51: Headphones | F51: 12 | G51: 600

Sheet KPI 
A2: SIMPLE KPI TRACKING SHEET
B4: KPI | C4: Value | E4: PRODUCT NAME | F4: TOTAL SALES
B5: Total Revenue | C5: =SUM(Sales_Data[Sales]) -> 22725 | E5: {=_xlfn.UNIQUE(Sales_Data[Product Name])} -> Laptop | F5: =SUMIF(Sales_Data[Product Name],'KPI '!E5,Sales_Data[Sales]) -> 3600
B6: Units Sold | C6: =SUM(Sales_Data[Quantity]) -> 433 | E6: Wireless Mouse | F6: =SUMIF(Sales_Data[Product Name],'KPI '!E6,Sales_Data[Sales]) -> 575
B7: Number of Orders | C7: =COUNTA(Sales_Data[Order ID]) -> 50 | E7: Keyboard | F7: =SUMIF(Sales_Data[Product Name],'KPI '!E7,Sales_Data[Sales]) -> 480
B8: Average Order Value | C8: =C5/C7 -> 454.5 | E8: Monitor | F8: =SUMIF(Sales_Data[Product Name],'KPI '!E8,Sales_Data[Sales]) -> 2750
B9: Top Product | C9: =INDEX(E5,MATCH(MAX(F5),F5,0)) -> Laptop | E9: Notebook | F9: =SUMIF(Sales_Data[Product Name],'KPI '!E9,Sales_Data[Sales]) -> 560
E10: Ballpoint Pen | F10: =SUMIF(Sales_Data[Product Name],'KPI '!E10,Sales_Data[Sales]) -> 200
E11: Stapler | F11: =SUMIF(Sales_Data[Product Name],'KPI '!E11,Sales_Data[Sales]) -> 300
E12: Printer Paper | F12: =SUMIF(Sales_Data[Product Name],'KPI '!E12,Sales_Data[Sales]) -> 560
E13: Office Chair | F13: =SUMIF(Sales_Data[Product Name],'KPI '!E13,Sales_Data[Sales]) -> 2520
E14: Office Desk | F14: =SUMIF(Sales_Data[Product Name],'KPI '!E14,Sales_Data[Sales]) -> 3600
E15: Bookshelf | F15: =SUMIF(Sales_Data[Product Name],'KPI '!E15,Sales_Data[Sales]) -> 1080
E16: Filing Cabinet | F16: =SUMIF(Sales_Data[Product Name],'KPI '!E16,Sales_Data[Sales]) -> 1350
E17: Tablet | F17: =SUMIF(Sales_Data[Product Name],'KPI '!E17,Sales_Data[Sales]) -> 3150
E18: Headphones | F18: =SUMIF(Sales_Data[Product Name],'KPI '!E18,Sales_Data[Sales]) -> 1400
E19: USB Drive | F19: =SUMIF(Sales_Data[Product Name],'KPI '!E19,Sales_Data[Sales]) -> 600
